,insured_sex,insured_occupation,insured_hobbies,capital_gains,capital_loss,incident_type,collision_type,incident_severity,authorities_contacted,incident_hour_of_the_day,number_of_vehicles_involved,witnesses,total_claim_amount,fraud_reported,age_group,month_group,policy_annual_premium_groups
0,1,2,2,53300,0,2,3,0,4,5,1,2,71610,1,6,5,2
1,1,6,2,0,0,3,0,1,4,8,1,0,5070,1,5,3,2
2,0,11,2,35100,0,0,2,1,4,7,3,3,34650,0,2,1,2
3,0,1,2,48900,-62400,2,1,0,4,5,1,2,63400,1,5,4,2
4,1,11,2,66000,-46000,3,0,1,2,20,1,1,6500,0,5,3,0
5,0,12,2,0,0,0,2,0,1,19,3,2,64100,1,4,4,2
6,1,9,2,0,-77000,0,1,1,4,0,3,0,78650,0,3,1,2
7,1,12,2,0,0,0,1,2,4,23,3,2,51590,0,4,2,2
8,0,7,2,0,0,2,1,2,4,21,1,1,27700,0,3,0,2
9,1,8,2,0,-39300,2,2,2,3,14,1,1,42300,0,5,3,2
10,0,3,2,38400,0,2,1,2,4,22,1,2,87010,0,5,3,2
11,0,3,2,0,-51000,0,1,0,1,21,3,2,114920,0,9,7,2
12,1,10,2,0,0,2,2,2,0,9,1,0,56520,0,1,9,2
13,0,1,2,52800,-32800,1,0,1,2,5,1,1,7280,0,3,1,1
14,0,6,2,41300,-55500,2,2,2,4,12,1,2,46200,1,4,2,2
15,0,13,2,55700,0,0,3,0,3,12,4,0,63120,1,8,8,2
16,1,6,2,63600,0,0,2,0,3,0,3,2,52110,0,2,9,2
17,1,6,2,53500,0,2,3,2,4,9,1,2,77880,0,3,1,1
18,0,2,2,45500,-37800,2,3,2,3,19,1,0,72930,0,4,2,2
19,0,5,2,57000,-27300,0,3,0,4,8,3,0,60400,0,4,2,2
20,1,7,2,0,0,0,2,1,4,20,3,0,47160,0,9,8,2
21,0,6,2,46700,0,0,3,2,4,15,3,2,37840,0,5,3,1
22,1,9,2,72700,-68200,0,2,0,0,20,3,0,71520,1,7,6,1
23,1,8,0,0,-31000,2,1,2,0,15,1,2,98160,1,7,7,2
24,1,2,2,0,-53500,2,2,1,3,6,1,3,77880,0,4,3,1
25,1,11,2,0,0,0,2,0,3,16,3,3,71500,1,3,0,2
26,1,9,2,0,-29200,1,0,1,4,4,1,3,9020,0,5,4,2
27,1,3,0,31000,-30200,3,0,1,2,5,1,1,5720,1,3,3,1
28,0,11,2,0,-55600,2,3,1,3,21,1,0,69840,0,4,3,2
29,0,6,2,0,0,2,2,1,4,5,1,2,91650,0,5,3,2
30,1,9,2,53200,0,0,3,0,0,22,4,0,75600,0,1,9,1
31,1,2,2,27500,0,0,3,0,4,10,3,2,67140,1,4,2,2
32,0,0,2,81100,0,0,1,2,4,16,3,3,29790,0,3,2,2
33,1,4,2,51400,-64000,0,1,0,0,1,3,2,77110,0,2,1,0
34,1,9,2,0,0,2,3,2,1,17,1,1,64800,0,4,1,2
35,1,2,2,53300,-49200,2,1,0,3,15,1,0,53100,1,3,1,2
36,0,10,2,0,0,2,2,2,4,3,1,1,60200,1,2,9,1
37,0,8,2,0,0,1,0,1,2,16,1,1,5330,0,6,4,2
38,0,2,2,65700,0,0,2,0,4,4,3,0,62300,0,7,7,2
39,1,12,2,48500,0,2,1,0,0,4,1,3,60170,1,4,2,2
40,1,12,2,0,-55700,2,2,1,0,19,1,2,40000,0,2,9,2
41,1,13,0,0,-24100,2,3,0,4,1,1,1,97080,1,3,1,0
42,0,9,2,0,-67400,0,3,1,3,17,3,0,51660,0,1,0,2
43,0,13,2,49700,-60200,2,2,2,3,23,1,2,51120,0,2,1,1
44,1,8,2,36400,-28700,2,1,1,3,14,1,2,56400,0,5,4,2
45,0,10,2,0,0,0,2,2,3,17,3,3,55120,0,4,4,2
46,0,7,2,35300,0,0,2,2,1,11,3,1,77110,0,3,2,2
47,1,7,2,0,0,0,1,0,1,19,3,1,62800,1,6,6,2
48,0,10,2,0,0,3,0,3,4,5,1,0,7290,0,3,2,2
49,0,3,2,0,-40300,2,2,2,3,19,1,0,76600,0,3,2,2
50,1,7,2,0,0,0,1,1,1,19,3,3,81800,0,8,7,2
51,0,4,2,0,0,3,0,3,2,4,1,2,7260,0,2,9,2
52,1,1,2,0,0,3,0,1,2,8,1,1,4300,0,4,3,0
53,0,8,2,88400,-46500,0,3,0,4,7,3,0,70510,0,4,3,2
54,1,6,2,47600,-39600,1,0,1,4,5,1,1,2640,0,4,2,2
55,1,2,2,71500,0,2,2,1,1,3,1,2,78900,0,2,0,2
56,0,9,0,36100,-55000,0,1,0,1,12,3,3,56430,0,8,7,2
57,0,0,2,0,0,1,0,1,2,19,1,3,2400,0,3,9,2
58,1,7,2,56600,-45800,2,1,2,0,22,1,1,65790,0,4,0,2
59,0,0,2,94800,-58500,0,3,1,4,12,3,1,62920,0,4,2,1
60,1,6,2,36900,0,0,2,0,4,15,3,1,69480,1,3,2,1
61,1,5,2,69100,0,0,3,2,3,23,3,3,44280,0,5,3,2
62,1,1,2,0,-49500,2,3,1,3,12,1,3,56300,0,3,1,1
63,1,13,2,0,-49000,0,1,0,1,20,3,2,68520,1,5,3,0
64,1,11,0,62400,0,0,2,2,1,16,3,0,59130,1,5,4,0
65,0,3,0,35700,0,0,1,1,0,6,3,2,82320,1,4,4,2
66,0,12,2,43400,-91200,2,3,1,1,12,1,1,89700,1,3,1,2
67,0,0,2,59600,0,0,3,1,1,17,3,1,33930,0,9,8,1
68,1,6,2,43300,-66200,2,1,0,0,8,1,3,68530,0,2,1,2
69,1,7,2,0,-51500,1,0,1,2,13,1,1,4300,0,6,5,2
70,0,9,2,56200,-50000,0,3,0,3,12,2,3,68310,1,5,4,2
71,0,1,1,37800,-50300,2,1,2,3,7,1,2,61290,1,5,3,2
72,0,11,2,0,0,2,2,1,0,10,1,2,30100,0,5,2,1
73,0,13,2,0,-42900,0,2,1,1,7,3,0,57120,0,4,3,0
74,0,11,2,0,0,0,3,1,0,18,3,0,42930,0,4,2,2
75,0,13,2,78300,0,0,1,2,0,22,3,0,51210,0,3,1,2
76,0,5,2,0,-19700,0,1,1,1,18,3,1,89400,0,5,4,2
77,1,13,2,0,0,0,1,2,4,22,3,2,59730,0,6,5,2
78,0,7,2,0,-45000,3,0,1,2,15,1,2,8060,0,4,2,2
79,0,5,2,0,0,2,2,0,1,16,1,2,72200,1,4,3,1
80,1,3,2,52700,-40600,0,3,1,0,6,3,2,50800,0,3,1,2
81,0,3,2,0,0,3,0,3,2,10,1,1,6600,0,4,3,2
82,1,7,2,0,0,3,0,1,4,3,1,2,7500,0,2,9,2
83,1,3,2,57300,-80600,3,0,3,2,13,1,3,6490,0,3,2,2
84,1,9,2,0,-44200,0,3,0,0,16,2,3,60940,1,6,4,1
85,1,13,2,35700,0,0,1,0,1,13,3,1,58300,0,5,4,0
86,0,8,2,800,0,0,1,1,3,9,3,1,68400,0,3,2,1
87,0,7,2,36400,0,2,3,2,1,2,1,1,64240,0,3,1,0
88,0,9,2,0,-78600,1,0,3,2,9,1,1,4700,0,4,0,2
89,0,3,2,0,-56100,0,3,0,3,12,3,0,45120,1,1,0,2
90,0,11,2,0,0,0,1,2,1,12,2,1,66950,0,2,1,2
91,0,12,2,0,-62400,2,3,0,4,14,1,3,98340,1,1,9,2
92,1,4,2,55200,0,1,0,3,2,9,1,1,5900,0,5,3,2
93,0,3,2,90700,-20800,0,1,0,0,3,3,1,70680,0,5,3,2
94,0,6,2,0,0,0,2,2,0,21,3,0,93720,0,5,4,0
95,0,1,2,67700,-58400,3,0,1,2,5,1,0,6930,0,1,9,2
96,0,10,2,61500,0,2,3,0,1,11,1,3,72930,1,6,5,0
97,1,4,2,0,-71700,0,2,1,3,4,4,2,64890,1,1,0,2
98,0,6,2,0,0,1,0,3,2,6,1,2,5400,0,6,4,2
99,1,3,2,0,0,3,0,3,2,10,1,0,5600,0,5,3,1
100,0,10,2,0,-72300,2,2,1,4,23,1,0,79300,0,5,4,2
101,0,12,2,0,0,2,3,0,4,13,1,0,52800,0,2,9,2
102,0,9,2,37300,-31700,0,1,1,1,16,3,3,28800,0,5,4,2
103,0,12,2,35300,-58100,1,0,1,4,3,1,1,2970,0,3,2,2
104,1,7,2,50500,0,0,3,2,4,15,3,0,93480,0,7,5,2
105,1,9,2,34300,-24300,3,0,1,2,4,1,3,4320,0,6,4,2
106,0,9,2,0,-56400,0,2,0,4,6,3,2,79800,1,9,8,2
107,0,5,2,0,-57000,0,1,0,0,22,2,0,74200,0,2,1,2
108,0,6,2,28800,0,2,1,0,1,1,1,0,70590,1,6,4,2
109,0,11,0,0,-47500,0,2,0,1,16,3,3,60940,1,3,9,2
110,0,9,2,0,0,2,2,1,4,18,1,2,74700,0,5,4,2
111,1,2,2,52600,-38800,2,1,0,1,0,1,0,70000,1,8,8,2
112,1,3,2,0,-41000,0,2,2,3,12,3,0,81070,0,5,3,2
113,1,10,2,0,-40600,0,3,0,3,13,2,1,57720,0,3,2,2
114,1,1,2,0,0,3,0,1,2,9,1,1,7080,0,7,6,2
115,1,6,2,34400,-56800,0,3,2,3,14,3,1,47700,1,6,4,2
116,0,6,2,62000,-63100,2,2,1,4,16,1,3,51260,0,3,1,2
117,1,3,2,41200,-36200,0,3,0,4,20,3,2,70400,1,5,3,2
118,0,13,2,44300,0,2,2,1,1,4,1,3,90000,0,4,2,2
119,0,0,2,58000,0,0,2,1,4,7,3,1,72820,0,4,3,1
120,1,8,2,0,0,2,3,1,1,22,1,0,69300,0,5,4,2
121,0,7,2,0,-53700,2,1,0,0,11,1,1,76560,1,4,3,0
122,0,7,2,0,0,2,1,0,0,7,1,1,55440,1,4,3,2
123,0,9,2,51100,0,0,1,2,3,0,4,0,77130,0,1,0,2
124,0,9,2,0,0,2,2,2,0,1,1,1,42000,0,3,3,2
125,1,2,2,47200,-69700,0,2,2,0,12,3,3,36300,0,4,3,2
126,1,10,2,59600,-32100,2,3,2,3,8,1,0,40320,0,4,2,0
127,0,12,2,70500,0,1,0,1,4,9,1,0,3960,0,3,2,2
128,1,4,2,40700,-47300,2,1,0,1,22,1,3,63840,1,5,4,2
129,0,11,2,42400,0,0,1,0,1,0,3,2,44730,1,2,9,2
130,1,6,2,57900,0,0,1,1,3,0,3,2,84720,0,5,4,2
131,1,0,2,0,0,0,1,0,3,3,3,2,61500,0,4,2,1
132,0,12,2,60000,-54800,0,1,0,0,21,3,1,51000,0,2,1,1
133,0,6,2,0,-45200,2,3,2,4,0,1,1,46800,0,3,0,0
134,1,3,2,65300,-65600,2,3,1,0,16,1,1,78120,0,3,9,0
135,0,3,2,84900,0,2,2,0,4,14,1,2,69200,1,3,2,2
136,0,11,2,45300,-20400,3,0,1,4,9,1,0,3690,0,4,2,2
137,0,12,2,68900,0,0,2,1,1,9,3,3,65500,0,2,1,2
138,0,9,2,46300,-77500,0,2,1,1,21,3,2,76120,0,6,5,2
139,0,7,2,0,-43200,0,1,2,3,19,3,2,73560,0,3,1,2
140,1,6,2,76000,0,2,2,2,4,2,1,1,52030,0,3,3,2
141,1,13,2,0,-49000,3,0,3,2,9,1,3,5170,0,5,4,1
142,1,6,2,58600,-28700,1,0,1,2,5,1,1,8190,0,3,1,2
143,1,3,2,0,-56200,2,2,0,0,14,1,3,70800,1,2,0,2
144,0,4,2,54100,0,0,2,2,4,20,3,3,45630,0,3,1,2
145,0,3,1,0,-57900,2,1,0,4,18,1,1,99320,1,8,6,1
146,1,12,2,0,-57100,0,3,0,1,13,3,0,64000,1,5,3,2
147,0,7,2,58100,0,2,1,1,1,21,1,1,47300,0,4,3,2
148,1,0,2,13100,-38200,2,2,0,3,14,1,3,71680,1,2,9,2
149,0,2,2,0,0,2,3,0,3,1,1,0,112320,1,5,2,1
150,0,4,2,0,0,2,3,2,3,17,1,0,82720,0,3,1,2
151,1,8,2,0,0,0,2,0,1,4,3,1,48060,0,5,4,2
152,1,3,2,31900,-44600,0,2,2,4,23,3,3,63570,1,3,1,2
153,0,2,2,17600,0,0,2,2,1,13,3,3,63240,0,7,7,2
154,0,7,2,52000,-44500,0,2,1,0,20,3,3,54240,1,3,1,2
155,1,11,2,0,0,2,1,0,4,16,1,3,37280,1,6,6,2
156,1,3,2,0,0,0,2,1,4,10,3,1,72100,0,9,8,2
157,0,9,2,0,0,1,0,1,2,8,1,3,6500,0,8,7,2
158,1,6,2,29000,0,0,1,2,0,17,3,0,78240,0,4,0,2
159,0,13,2,62500,-66900,3,0,1,4,9,1,0,6200,0,2,1,2
160,0,8,2,39600,-82400,1,0,1,4,0,1,3,6160,0,4,3,2
161,0,4,2,0,-54000,2,1,2,0,12,1,0,76050,0,6,4,2
162,0,3,2,49700,-59100,0,3,2,0,20,2,1,86060,0,6,4,2
163,0,9,2,47700,-59300,2,1,0,1,3,1,0,107900,1,2,1,2
164,0,9,2,38100,-31400,0,2,2,1,18,3,0,99990,0,3,1,2
165,0,1,2,71400,0,0,3,1,0,4,3,2,61380,0,2,1,2
166,0,2,2,0,-26900,2,2,0,1,18,1,1,71280,1,2,0,0
167,1,4,2,0,-51100,0,1,1,0,18,3,0,64000,0,5,4,2
168,0,6,2,0,-50000,1,0,3,4,7,1,1,5940,0,6,4,2
169,1,7,2,75400,0,1,0,1,2,18,1,0,6700,0,4,0,2
170,1,1,2,0,0,0,2,1,4,23,3,0,51740,0,5,3,2
171,1,6,2,88800,0,2,2,2,0,1,1,1,53600,1,2,1,2
172,1,10,2,35100,-59900,0,2,2,3,15,3,0,44910,0,2,9,2
173,0,13,2,0,-88300,0,1,0,1,2,3,2,48100,0,3,0,2
174,0,4,2,53900,0,3,0,3,2,3,1,1,6100,0,5,4,2
175,1,12,2,0,-41300,2,2,1,3,13,1,0,79600,0,6,5,1
176,1,10,2,0,0,2,1,1,0,1,1,1,77040,0,3,2,0
177,0,9,2,0,-45100,2,2,1,1,16,1,1,62590,0,5,4,2
178,0,1,2,27000,-58900,2,1,2,3,0,1,1,85150,0,4,3,1
179,1,12,2,0,-31700,3,0,3,2,1,1,1,4950,0,4,3,2
180,1,5,2,72200,0,0,3,0,1,17,3,0,51100,0,4,9,0
181,0,0,2,29600,-22300,2,3,1,4,13,1,3,100800,0,7,7,2
182,0,12,2,51100,0,2,3,2,4,12,1,3,90970,0,2,1,2
183,1,12,1,0,-30300,2,2,1,4,11,1,1,81840,1,2,9,2
184,1,2,2,0,0,2,1,0,0,18,1,2,54900,0,6,4,2
185,1,12,1,0,-51300,2,1,2,1,17,1,3,88660,1,3,1,2
186,0,12,2,0,-57700,0,1,2,0,22,3,1,18000,0,3,2,2
187,0,10,2,0,-39200,3,0,1,4,9,1,3,5500,0,4,3,2
188,0,12,2,51000,-67900,0,2,0,3,11,3,0,73920,1,1,9,1
189,0,0,2,62700,0,2,2,2,0,11,1,2,101860,0,2,1,1
190,1,12,2,25000,0,1,0,1,2,8,1,1,5390,0,8,7,2
191,1,4,2,68500,-57500,2,3,1,4,18,1,2,50490,0,4,4,2
192,0,5,2,0,0,2,1,2,4,13,1,3,55500,0,6,6,2
193,1,7,2,42900,-90200,3,0,1,4,8,1,1,7040,0,3,0,2
194,1,4,2,29300,0,0,2,2,3,9,3,1,40160,0,2,9,2
195,1,5,2,0,0,0,3,2,1,17,2,3,55680,0,5,4,0
196,1,1,2,0,0,3,0,3,4,3,1,1,5300,1,4,2,2
197,0,0,2,0,0,1,0,3,2,6,1,3,5200,0,5,3,0
198,1,1,2,45100,-32800,2,1,0,0,17,1,1,59400,0,6,5,2
199,0,11,2,47600,0,3,0,1,4,7,1,1,2520,0,5,4,0
200,1,2,2,0,0,3,0,3,4,9,1,1,5760,0,3,0,2
201,1,13,2,63100,-13800,2,2,1,1,3,1,0,76700,0,6,5,0
202,0,10,2,0,0,1,0,3,4,6,1,2,5920,0,4,3,2
203,1,6,2,0,0,0,2,0,1,7,3,3,64350,0,9,8,2
204,1,11,2,0,0,0,2,2,0,21,3,2,19080,0,4,3,2
205,0,12,2,66400,-34400,2,2,1,4,14,1,1,54400,0,5,3,2
206,0,11,0,0,-39300,2,2,2,1,0,1,0,59800,1,3,1,1
207,1,5,2,0,0,0,3,0,4,14,3,3,72000,0,2,1,2
208,1,0,2,0,0,0,3,2,4,13,4,3,65070,0,6,5,2
209,1,11,2,25500,-36700,1,0,3,4,8,1,1,8800,0,7,7,1
210,0,5,2,0,0,3,0,1,4,7,1,0,6120,0,1,9,0
211,1,8,2,59900,0,3,0,3,2,9,1,2,7080,0,4,3,2
212,1,11,2,62200,-31400,0,3,1,0,12,3,3,34320,0,6,5,0
213,0,9,2,24000,0,0,3,0,3,6,3,0,53460,1,4,0,2
214,0,3,1,0,0,2,3,2,3,11,1,3,81360,1,3,1,2
215,1,2,2,0,0,0,3,1,0,5,3,2,81070,1,5,4,2
216,0,6,2,0,0,2,1,1,1,14,1,2,63120,0,2,9,1
217,1,13,2,0,-39700,3,0,3,2,17,1,1,7200,0,2,0,2
218,0,9,2,24800,0,2,2,2,3,0,1,3,70290,1,6,5,2
219,1,8,2,0,0,0,3,1,1,21,3,0,60190,0,5,4,0
220,1,4,2,0,-58600,2,1,0,3,18,1,2,61380,1,5,3,0
221,0,7,2,47800,0,2,1,1,0,17,1,2,28100,0,6,4,2
222,0,11,2,0,0,2,3,2,1,19,1,0,49060,0,6,5,1
223,1,11,2,53000,-72500,0,3,2,1,17,3,1,57060,0,6,6,2
224,0,12,2,0,0,0,3,0,1,23,3,3,77880,0,4,3,2
225,1,3,2,24400,-60500,2,1,2,0,4,1,1,73500,0,5,3,2
226,0,7,2,0,-37100,0,2,1,3,2,2,0,88920,0,7,6,2
227,0,9,2,0,0,2,1,0,3,2,1,2,47630,1,7,5,2
228,0,2,2,0,-64000,0,1,2,1,10,3,3,59040,0,7,6,0
229,0,4,2,0,-67800,2,2,1,3,2,1,3,79530,0,4,2,3
230,0,6,2,65600,-68200,2,3,2,3,18,1,2,53680,0,3,2,2
231,1,9,2,36900,-55000,2,3,1,4,18,1,3,33550,0,6,4,2
232,0,6,2,39900,-60200,0,3,2,3,7,4,1,69100,0,5,3,2
233,1,5,2,63600,-68700,0,2,0,4,19,3,0,79750,0,3,2,2
234,1,4,2,0,-32500,0,1,0,3,10,3,2,53600,1,2,0,2
235,1,13,2,0,-24400,0,3,1,1,16,3,0,76560,0,7,7,0
236,1,2,2,0,0,2,1,2,1,17,1,1,41130,0,3,9,2
237,1,11,1,40600,0,0,2,2,1,2,3,3,78650,1,2,1,1
238,0,4,2,33300,-10600,2,3,0,3,19,1,1,71060,0,5,4,0
239,0,4,2,54000,0,2,1,1,1,0,1,1,38830,0,4,2,0
240,0,1,1,0,0,2,1,0,1,16,1,0,53500,0,5,3,0
241,0,0,2,0,-74500,2,1,0,3,20,1,0,73700,1,4,2,0
242,0,3,2,36900,-53700,1,0,3,2,10,1,1,6300,0,4,2,1
243,0,12,2,53200,-53800,0,2,2,0,21,3,2,65400,0,4,2,2
244,1,1,2,0,-70300,3,0,3,2,3,1,2,3200,0,2,9,1
245,0,12,2,60300,-24700,2,2,0,1,7,1,3,75400,1,7,6,0
246,0,6,2,0,0,2,3,1,1,19,1,2,58140,0,2,0,2
247,0,7,0,0,-41400,0,2,2,0,15,3,1,98670,1,5,4,2
248,1,6,2,25900,0,1,0,1,2,7,1,3,5900,0,2,1,4
249,0,1,2,0,-52600,2,2,0,1,19,1,3,64100,0,2,9,2
250,0,13,2,47500,-32500,0,2,2,1,13,2,1,55440,1,2,1,2
251,1,11,2,0,0,0,3,0,4,2,3,2,80850,1,2,1,2
252,0,13,2,0,-44600,3,0,3,4,5,1,1,7480,0,4,3,2
253,1,13,2,41500,-70200,2,3,0,1,21,1,3,53640,1,9,7,2
254,0,12,2,0,0,0,2,0,1,21,3,2,63250,1,1,0,0
255,0,4,2,0,0,0,3,0,0,7,3,1,59040,0,8,8,1
256,1,2,2,0,0,0,3,2,3,16,3,0,50500,0,4,3,2
257,1,6,1,0,0,2,3,0,4,13,1,1,57690,1,5,4,2
258,0,11,2,0,0,3,0,3,4,2,1,3,5940,0,4,3,2
259,0,3,2,0,0,0,2,0,1,19,3,2,47790,1,2,1,2
260,0,8,2,0,-47100,1,0,3,2,17,1,1,3850,0,2,1,0
261,1,7,2,0,0,2,1,0,4,3,1,0,59000,1,3,2,2
262,1,6,2,0,-33600,0,2,0,0,17,3,1,70600,1,5,3,2
263,1,1,2,0,-45000,0,3,1,4,5,3,1,61490,0,4,3,2
264,0,10,2,44400,-51500,2,3,1,4,9,1,0,57640,0,2,9,2
265,0,2,2,51500,0,3,0,3,4,9,1,0,6890,0,8,6,2
266,1,6,2,34400,-33100,0,3,0,1,9,3,2,53280,1,5,3,0
267,0,5,2,52100,-46900,0,2,1,1,22,3,0,78300,0,2,0,1
268,1,10,2,0,-61000,0,2,0,0,15,3,3,41490,0,4,2,2
269,0,6,2,57800,-53300,0,1,2,1,14,3,3,68970,0,4,2,2
270,1,5,2,55400,0,0,2,1,4,6,3,0,85300,0,7,6,0
271,0,7,2,71200,0,1,0,1,2,6,1,0,3080,0,4,4,2
272,1,2,2,91900,0,0,1,0,4,22,4,0,71760,1,6,5,2
273,0,1,2,62800,0,0,2,1,0,14,3,0,59700,0,2,1,1
274,0,7,2,49900,-19800,0,1,1,1,16,3,2,64920,0,4,3,2
275,0,6,2,0,-75700,0,1,0,0,10,3,1,37530,0,5,3,2
276,1,12,2,53100,-63400,0,3,2,0,9,3,2,64080,0,5,4,2
277,1,9,1,55600,0,2,2,1,3,4,1,0,60390,1,5,4,2
278,0,1,2,0,0,0,3,0,4,6,3,1,64350,1,3,1,1
279,0,7,2,0,0,0,3,1,4,15,3,1,70900,0,4,0,2
280,0,2,2,0,-83900,0,3,1,1,12,3,3,46560,0,4,4,2
281,0,2,1,37600,-37600,3,0,3,4,3,1,1,4730,1,3,2,2
282,0,13,2,0,0,3,0,1,4,14,1,0,6820,0,4,3,2
283,1,12,2,47400,-27600,2,2,0,4,10,1,2,59900,1,8,7,2
284,0,8,2,0,-49400,0,3,0,4,17,3,3,79560,0,4,2,2
285,0,0,2,0,-40900,2,1,2,3,8,1,1,70290,0,3,1,2
286,1,8,2,26900,0,0,2,2,0,14,3,0,63910,0,3,2,2
287,0,13,2,68700,0,3,0,3,2,6,1,0,6400,0,4,3,2
288,0,5,2,0,0,2,2,0,0,6,1,2,66780,1,1,9,2
289,0,11,2,0,-33300,1,0,1,4,8,1,2,8760,0,4,0,2
290,1,6,2,0,0,2,3,0,0,13,1,1,94160,0,5,4,2
291,1,10,2,64200,-32300,0,1,2,0,0,3,2,51570,0,4,9,1
292,0,5,2,0,-15700,0,2,0,1,14,3,0,52700,1,3,0,2
293,1,11,2,0,-48300,2,3,1,1,13,1,2,101010,0,3,1,2
294,1,3,2,0,-51800,0,2,1,4,16,4,2,53400,1,4,2,2
295,0,9,2,0,-54600,2,3,2,1,13,1,2,72120,0,3,1,2
296,1,10,2,0,-58100,0,1,1,4,15,3,2,77100,0,5,3,1
297,0,5,2,0,0,1,0,3,4,3,1,3,3300,0,4,3,1
298,0,0,2,0,0,1,0,1,2,7,1,0,5940,0,3,2,2
299,1,13,2,27100,0,0,2,0,3,16,2,0,63720,0,2,1,2
300,0,4,2,0,-39300,3,0,3,4,15,1,3,7680,0,5,4,1
301,1,5,2,20000,-82700,0,3,2,4,21,3,2,93730,0,3,1,2
302,1,11,2,34000,-55600,0,2,0,4,23,3,2,87300,0,5,0,2
303,1,13,2,0,-35200,1,0,3,4,5,1,2,5670,0,4,4,2
304,1,8,2,54100,-77600,0,2,1,3,15,3,0,65800,0,6,4,2
305,0,5,2,82400,-57100,2,1,0,3,14,1,1,36720,1,3,2,1
306,0,4,2,0,0,2,3,0,1,1,1,1,52800,1,2,1,2
307,0,10,1,44000,0,0,2,2,1,14,3,2,59100,1,4,2,2
308,1,6,2,0,-53800,0,2,2,3,17,3,1,77440,0,4,2,2
309,1,1,2,0,-39700,0,3,2,1,20,3,2,45700,0,4,2,2
310,0,11,2,81300,0,0,2,0,3,10,3,2,80740,1,5,4,2
311,1,11,2,0,-22200,0,1,0,0,3,3,3,31350,1,2,0,1
312,0,5,2,0,-38600,2,3,2,3,0,1,0,35000,0,3,2,2
313,1,10,2,39000,0,0,3,2,4,10,3,2,68000,0,8,7,2
314,0,6,2,43900,0,0,3,1,3,13,3,0,84500,0,2,9,2
315,0,13,2,0,-39500,2,2,1,4,14,1,1,75500,0,5,4,2
316,1,3,2,0,0,0,3,2,3,22,3,3,90600,0,6,4,2
317,0,0,2,39400,-63900,0,3,2,0,8,3,1,64320,0,5,4,2
318,0,13,2,0,0,0,2,1,4,1,3,0,31700,0,3,0,1
319,1,10,2,51600,-73900,2,3,0,3,19,1,1,74280,1,2,9,2
320,0,11,2,61600,-30200,2,1,2,1,17,1,2,80520,0,4,3,0
321,1,0,2,58500,-46800,0,2,0,3,13,3,3,63600,0,2,1,0
322,1,5,2,0,0,2,1,2,4,4,1,2,32800,0,5,4,0
323,0,8,2,0,0,0,2,2,4,14,3,2,44190,0,6,5,1
324,1,3,2,0,0,0,2,0,3,4,2,2,50400,1,2,9,2
325,1,12,2,0,-65400,0,3,2,4,23,3,1,88400,0,7,6,1
326,0,4,2,0,-42100,0,1,2,1,21,3,2,66550,0,6,5,2
327,1,2,2,0,0,0,2,1,4,23,3,0,65780,0,6,4,0
328,1,1,2,0,0,0,3,0,3,6,3,2,51810,1,4,4,2
329,1,10,2,0,-27900,2,1,0,3,21,1,0,55660,1,3,9,0
330,1,6,2,0,0,2,3,0,1,23,1,3,44640,0,2,1,2
331,0,13,2,53500,-73600,0,1,0,0,3,3,3,77660,1,6,4,2
332,0,12,2,67000,-53600,1,0,3,2,8,1,2,5640,0,1,9,2
333,0,9,2,0,0,1,0,3,2,4,1,2,3190,0,2,1,2
334,1,9,2,38900,-48700,2,3,2,1,22,1,0,53440,0,2,9,2
335,0,1,2,0,0,2,2,1,4,16,1,1,65250,0,3,1,2
336,1,1,2,0,-56600,0,3,1,1,14,3,1,44280,0,4,2,2
337,1,12,2,0,-53700,2,2,2,4,13,1,0,70290,0,4,2,1
338,0,8,2,39600,-64300,2,1,1,3,20,1,1,87100,0,2,1,1
339,1,8,2,35400,-49200,0,1,2,1,0,3,3,50380,0,3,3,2
340,0,11,1,0,-61000,0,3,2,4,23,3,2,64800,1,5,4,2
341,0,2,2,25000,0,2,2,1,3,13,1,3,70400,0,5,4,2
342,1,1,2,0,0,2,2,0,4,8,1,2,57860,1,2,9,1
343,1,10,2,0,0,3,0,1,2,3,1,3,6240,0,6,5,2
344,0,12,2,0,0,2,2,2,4,16,1,3,66600,1,4,3,2
345,1,13,2,75800,0,2,3,1,4,19,1,2,70920,0,2,9,0
346,1,6,2,67400,-43800,2,2,1,0,0,1,0,39480,0,8,7,2
347,0,5,2,46400,-74300,2,1,2,3,12,1,2,63240,0,5,4,1
348,1,12,1,56700,0,0,3,2,3,21,3,0,67650,0,3,0,0
349,0,2,2,68600,-22300,2,1,0,1,0,1,3,74200,1,4,3,1
350,0,12,2,47900,-73400,2,3,1,3,22,1,3,64900,0,5,3,2
351,0,6,2,47200,0,0,2,0,0,20,3,0,35900,1,5,4,2
352,0,2,2,0,-41500,2,2,1,1,0,1,3,52200,0,2,9,2
353,1,0,2,67400,-83200,2,1,1,4,20,1,2,78000,0,8,8,2
354,0,0,2,56400,-32800,0,1,1,0,1,3,0,67200,0,2,9,1
355,0,9,2,56700,-65600,2,2,2,1,11,1,0,63250,0,5,4,2
356,0,2,2,65600,0,0,3,0,3,14,3,1,68760,0,4,3,2
357,1,7,2,30400,0,0,3,1,4,20,3,2,65040,0,2,1,0
358,1,0,2,0,-13200,2,3,0,0,22,1,3,82800,1,3,2,0
359,1,8,2,0,0,2,3,2,3,12,1,0,61700,0,5,4,2
360,0,13,2,0,-42600,0,2,0,0,3,3,1,78100,1,9,8,0
361,0,8,2,47400,0,0,2,0,0,15,3,1,65520,1,1,9,1
362,1,9,2,0,0,1,0,3,2,8,1,2,4500,0,2,1,2
363,0,11,2,60700,-54300,0,3,0,3,13,3,2,42700,1,5,4,2
364,0,0,2,0,-55300,1,0,1,4,8,1,2,5580,1,6,4,1
365,0,0,0,30700,0,1,0,1,2,7,1,0,3600,1,3,2,2
366,0,3,2,68500,0,3,0,3,2,9,1,0,2800,0,4,2,2
367,0,0,2,73000,-37900,2,1,1,0,15,1,0,54000,0,6,4,2
368,0,2,2,0,-60700,2,3,1,4,5,1,2,48950,1,0,0,2
369,1,3,2,69400,0,0,2,0,3,15,4,1,77800,0,6,5,0
370,1,10,2,0,-22400,0,1,0,3,22,3,1,52560,0,8,6,2
371,0,4,2,0,0,0,3,2,4,16,2,2,44110,0,5,4,2
372,0,11,2,51500,0,2,1,2,3,7,1,3,74360,0,2,1,1
373,0,1,2,59000,0,1,0,1,2,2,1,2,6120,1,3,1,0
374,1,13,0,45700,0,0,3,1,4,17,4,0,62280,0,7,7,1
375,0,11,2,0,-56800,0,1,2,3,12,3,0,26730,0,5,5,1
376,0,2,2,0,-85900,2,2,0,0,9,1,0,66200,0,2,9,1
377,1,7,2,0,-79800,2,3,2,1,16,1,2,45500,0,2,0,2
378,1,13,2,0,0,0,3,1,0,19,3,0,53040,0,5,3,2
379,1,7,2,0,-54100,0,1,0,3,14,3,2,50800,1,3,2,1
380,0,2,2,81800,0,0,3,2,4,18,3,3,44200,0,5,4,0
381,0,3,2,64800,-24300,2,1,1,4,23,1,3,62920,0,3,0,2
382,1,3,2,36100,-42300,0,2,1,3,15,3,2,49950,1,2,1,2
383,1,1,0,0,0,2,2,1,0,18,1,1,56430,1,6,4,2
384,0,10,2,0,0,2,1,1,4,16,1,2,100210,0,5,4,2
385,1,9,2,46400,0,0,1,1,1,12,3,0,49140,0,2,1,0
386,0,7,2,0,-62500,2,3,0,0,16,1,1,66840,0,4,3,1
387,1,6,2,0,-45300,2,1,2,3,21,1,2,62460,0,1,0,2
388,1,6,2,0,0,0,3,2,3,15,3,1,62810,0,4,3,2
389,0,8,2,36700,-73400,2,1,0,0,21,1,2,54160,0,3,1,2
390,0,3,2,0,-51000,2,2,0,0,1,1,2,48400,0,3,0,2
391,1,3,2,54900,-36700,0,3,2,1,17,3,0,51480,0,6,4,2
392,0,9,2,0,-36600,0,2,2,1,5,3,1,51700,0,4,2,2
393,1,3,2,0,-42700,0,1,2,3,15,3,2,65520,0,8,7,2
394,1,4,2,40700,-41600,0,2,0,3,2,4,2,47700,1,3,2,2
395,0,6,2,61400,-57500,3,0,1,2,3,1,0,5220,0,3,1,2
396,1,10,2,55600,0,2,3,0,3,19,1,0,73320,0,8,7,2
397,1,0,2,0,-28800,2,1,1,1,17,1,2,74900,0,6,4,2
398,0,9,2,0,-47400,3,0,3,4,7,1,1,3190,0,2,0,2
399,1,1,2,0,0,2,2,1,0,21,1,0,76920,0,3,1,1
400,0,8,2,0,0,0,1,2,4,10,2,3,77990,0,7,6,2
401,1,13,2,0,0,2,1,2,1,11,1,0,59670,0,6,4,2
402,0,2,2,69200,-36900,0,2,0,0,23,3,0,44880,1,3,2,2
403,1,11,2,0,0,2,3,1,0,14,1,2,82830,0,7,5,2
404,0,1,1,48800,0,2,1,1,3,10,1,3,84480,1,8,7,2
405,0,13,2,0,-66300,0,3,2,1,6,3,3,79800,0,2,9,2
406,1,0,2,29300,-64700,0,2,1,4,10,3,3,53020,0,5,4,2
407,0,6,2,54800,-64100,0,3,2,4,5,3,0,24200,0,5,4,2
408,1,3,2,0,-45300,2,2,1,1,17,1,3,43230,0,4,4,2
409,0,3,1,0,0,3,0,3,2,3,1,3,3190,0,5,4,1
410,0,0,2,0,-50400,1,0,1,2,9,1,3,5850,0,5,4,2
411,0,6,2,0,-29900,1,0,3,4,6,1,0,6820,0,2,9,2
412,0,4,2,64000,0,0,1,1,1,22,3,2,69480,0,5,3,2
413,1,9,2,0,0,0,1,0,1,10,3,2,94560,0,2,9,0
414,1,1,2,0,0,3,0,1,2,4,1,2,7800,0,4,3,1
415,0,6,2,63900,-43700,2,1,2,3,23,1,3,61270,0,3,1,2
416,0,13,2,0,0,2,2,2,4,19,1,2,71440,0,6,5,2
417,0,8,2,0,0,2,2,2,0,22,1,2,55600,0,4,2,0
418,1,8,2,0,0,3,0,3,4,6,1,3,5000,0,5,4,2
419,0,3,2,56900,-56900,2,3,1,3,6,1,0,95810,0,3,1,2
420,0,12,0,0,0,2,2,0,0,18,1,2,69300,0,5,3,2
421,1,9,2,0,0,2,1,2,0,22,1,0,81120,0,4,1,2
422,1,5,2,0,0,2,1,0,3,21,1,0,91260,0,1,0,2
423,0,7,2,0,-54700,2,3,1,1,12,1,0,60600,0,6,4,0
424,1,6,2,52800,0,0,1,0,0,6,3,3,64800,1,3,1,2
425,0,3,2,0,0,0,3,0,4,0,4,0,66880,1,3,0,2
426,1,4,1,44900,-91400,2,1,2,0,11,1,2,58200,0,3,3,2
427,0,8,2,63600,0,2,3,1,4,19,1,0,60570,0,3,9,2
428,0,3,2,0,-38400,0,2,0,0,22,3,0,69680,1,4,2,1
429,1,13,2,82200,0,2,1,2,1,2,1,3,55700,0,8,8,1
430,0,13,2,0,-67400,0,1,2,0,16,4,2,62370,0,6,4,2
431,0,8,2,83200,-53300,0,3,2,3,23,3,0,54340,0,5,4,2
432,0,8,2,0,0,2,1,0,4,21,1,0,55170,1,6,5,1
433,1,8,2,67900,0,2,1,1,3,10,1,3,58500,0,3,1,2
434,1,8,2,0,0,2,2,0,1,12,1,3,59940,0,3,1,2
435,1,6,2,55200,0,2,3,2,4,6,1,0,73400,0,2,1,2
436,1,3,2,54600,0,2,3,0,1,6,1,2,41850,0,1,9,2
437,0,8,0,68500,0,1,0,3,4,7,1,2,6400,1,5,4,1
438,0,7,2,0,0,3,0,3,4,3,1,1,3190,0,4,3,0
439,1,5,2,0,-66000,1,0,3,2,10,1,1,5900,0,2,9,2
440,1,10,2,0,0,2,2,2,1,14,1,2,57330,0,3,1,2
441,1,12,2,54600,-45500,0,1,2,3,17,3,3,81960,0,6,5,1
442,0,13,2,0,0,2,3,0,1,16,1,0,70400,1,3,2,1
443,0,10,2,77900,0,1,0,1,2,3,1,1,3770,0,3,1,2
444,0,11,2,23600,-15600,1,0,1,2,7,1,0,7400,0,4,1,2
445,0,4,0,44000,-71000,2,2,2,4,13,1,1,54810,1,7,7,2
446,0,8,2,0,-67300,2,2,2,1,20,1,3,49400,0,4,2,2
447,1,12,2,0,0,2,1,1,1,23,1,2,68750,0,7,6,0
448,0,0,2,37900,0,2,1,2,0,11,1,0,61500,0,3,0,2
449,0,7,2,0,0,0,2,0,0,0,4,3,76890,0,4,3,2
450,0,7,2,70300,-50300,2,2,1,0,2,1,1,56070,0,3,0,2
451,0,13,2,42800,-51200,2,3,2,1,3,1,0,56000,0,2,9,2
452,0,8,2,12100,0,1,0,3,2,3,1,0,4290,0,3,1,2
453,0,13,2,33000,-43600,0,2,2,3,15,3,1,60750,0,4,0,2
454,0,6,2,46500,-42700,2,3,1,3,23,1,3,48730,0,2,1,2
455,1,0,2,0,-8500,0,1,1,4,9,3,0,95150,0,5,4,2
456,1,2,2,0,0,3,0,1,4,20,1,1,7480,0,1,9,2
457,1,13,2,38000,-41200,2,3,0,0,5,1,1,79800,1,2,1,0
458,0,8,2,0,-12100,2,3,2,3,15,1,2,103560,0,7,5,2
459,0,7,2,51700,0,2,3,1,0,13,1,3,79500,0,4,2,2
460,0,12,2,0,0,2,2,1,3,16,1,2,76230,1,5,4,2
461,1,10,2,0,-17000,2,3,1,0,0,1,2,59520,0,7,7,1
462,0,12,2,38600,-50300,0,1,0,4,10,3,1,47760,1,8,7,2
463,1,9,2,37900,-72900,0,3,2,4,14,3,0,84590,0,5,3,1
464,1,5,2,64400,0,0,1,2,3,1,3,2,61650,0,4,0,0
465,0,5,2,45500,-60600,2,2,0,4,16,1,1,81400,0,3,0,2
466,0,13,2,54500,0,0,3,0,1,2,3,1,58410,0,3,1,2
467,0,10,2,0,0,0,3,0,0,23,3,0,38610,0,8,7,0
468,0,4,2,49600,0,0,1,1,1,19,3,2,57600,0,4,3,2
469,0,10,2,0,-51900,0,3,1,1,23,3,2,53190,0,3,0,2
470,0,2,2,62500,0,2,1,0,3,10,1,3,58300,1,8,8,0
471,1,12,2,38000,-50300,0,1,1,0,12,3,2,64620,0,4,2,2
472,1,1,2,0,-62400,0,3,2,0,15,3,0,90480,0,7,6,2
473,0,4,2,0,0,3,0,3,2,3,1,0,7080,0,6,4,2
474,1,3,0,0,-68900,1,0,1,4,19,1,2,6490,1,5,3,0
475,0,7,2,34500,-60600,0,3,2,4,16,3,1,55900,0,4,1,2
476,1,0,2,60400,-67800,2,2,0,3,16,1,3,63800,1,2,9,0
477,1,4,1,66000,0,2,3,2,4,10,1,1,58160,1,8,6,0
478,1,1,0,0,0,3,0,1,4,6,1,2,6300,1,7,6,1
479,1,11,2,43700,0,2,1,0,1,18,1,1,104610,1,6,5,2
480,1,3,2,0,0,0,2,0,1,20,3,2,69850,0,5,4,2
481,0,8,2,0,-41200,2,2,1,1,14,1,0,62900,0,1,0,2
482,1,5,2,0,-35500,0,1,0,3,8,3,3,59670,1,2,1,1
483,1,1,2,49600,-49200,0,2,1,3,17,2,0,81500,0,4,3,2
484,1,1,2,48900,-40900,2,2,1,0,9,1,0,50000,0,8,7,2
485,1,0,2,0,-31700,2,1,2,3,0,1,1,48290,0,2,9,2
486,1,7,2,0,-76000,2,2,2,1,2,1,0,59070,0,2,1,0
487,0,1,2,0,0,0,2,1,4,23,3,0,63300,0,1,9,2
488,1,9,2,0,0,2,3,2,3,8,1,3,65780,0,6,4,0
489,1,13,1,0,0,0,1,2,0,6,3,2,75400,1,2,0,2
490,1,1,2,45000,-30400,3,0,1,2,3,1,1,2250,0,3,2,0
491,0,6,2,64200,0,0,1,1,0,14,3,3,54120,0,4,0,2
492,1,6,2,0,-71700,0,3,0,3,16,3,2,69480,0,6,4,1
493,0,0,2,0,0,2,2,1,4,12,1,2,66950,0,5,3,2
494,0,1,2,0,-56200,0,2,0,3,1,3,3,64100,1,6,5,2
495,1,9,2,0,-49400,2,2,1,3,19,1,3,80280,0,6,4,1
496,1,6,2,0,-39100,3,0,3,4,7,1,2,4680,0,5,5,2
497,1,12,2,61400,-41100,0,2,1,0,6,4,1,39720,0,3,0,2
498,1,3,2,0,-46900,2,1,0,4,11,1,0,63580,1,8,7,2
499,0,2,2,0,0,2,3,1,3,2,1,1,73370,0,6,5,0
500,0,2,2,52200,0,2,3,1,4,15,1,3,86790,0,2,0,1
501,1,12,2,0,-53700,2,3,0,4,0,1,2,49800,0,4,0,1
502,0,1,2,0,-37500,2,3,0,3,12,1,1,77440,0,4,3,2
503,0,5,2,0,-42700,2,1,2,3,1,1,0,42900,0,6,4,2
504,0,4,2,0,-53800,0,2,0,1,16,2,0,53820,1,2,9,2
505,1,11,2,0,0,2,2,1,4,2,1,1,57330,0,6,5,1
506,0,12,2,51400,0,0,2,1,4,13,3,1,53370,0,1,0,2
507,1,9,2,74200,-68100,2,1,1,4,0,1,2,62920,0,2,9,2
508,0,6,2,0,0,0,1,2,1,0,3,1,61600,0,1,9,2
509,1,11,2,55300,-58400,0,2,2,4,16,3,0,74160,0,2,1,1
510,1,8,2,38600,-52900,2,2,2,4,8,1,0,80100,0,4,3,2
511,0,11,2,0,-46200,1,0,3,4,9,1,3,6560,0,6,4,2
512,1,7,2,0,0,2,2,2,0,11,1,1,58800,0,3,2,2
513,0,13,0,0,0,0,3,1,0,6,3,2,53730,1,4,2,2
514,0,7,1,0,0,2,2,2,0,18,1,0,60600,0,8,8,2
515,0,12,2,0,-42400,2,3,2,3,11,1,3,35750,0,6,4,2
516,0,0,2,43000,-42500,2,1,2,0,17,1,2,42840,0,2,9,2
517,1,1,2,87800,-51200,0,1,0,1,21,3,0,87960,1,4,3,2
518,1,10,2,0,-78600,0,2,1,0,0,3,0,47800,0,5,2,0
519,0,12,2,46300,-33000,3,0,3,4,9,1,1,3840,0,5,4,2
520,1,13,2,0,-51600,2,1,2,1,1,1,2,77000,0,5,4,0
521,0,4,2,31500,0,2,2,2,0,22,1,3,88110,0,2,0,2
522,1,4,2,33500,-49500,0,2,1,1,20,4,2,47740,0,5,3,2
523,0,2,2,72400,-77000,0,2,2,1,9,3,1,58960,0,2,9,1
524,0,12,2,0,-45800,1,0,1,4,5,1,2,2160,0,6,4,2
525,0,9,2,46700,0,3,0,3,4,12,1,1,6890,0,2,0,2
526,0,9,2,58300,0,0,3,0,0,6,3,0,78870,0,5,5,2
527,0,11,2,55100,0,3,0,3,4,8,1,1,2700,0,6,4,2
528,0,6,2,41400,0,2,1,2,0,14,1,1,75960,0,7,6,2
529,0,11,2,33500,-58900,2,1,0,4,10,1,3,75570,1,3,0,0
530,0,11,2,0,0,2,1,1,4,12,1,3,90240,0,6,6,0
531,0,9,2,0,0,2,1,0,0,12,1,0,80960,0,7,5,2
532,1,2,2,23300,0,0,1,2,3,12,3,3,79080,0,4,2,0
533,1,0,2,98800,-65300,3,0,1,2,13,1,3,6820,0,6,5,0
534,0,1,2,65000,-49200,0,2,2,1,17,3,2,62590,0,5,4,2
535,0,11,2,0,-71900,2,3,0,3,14,1,0,52400,1,1,9,2
536,1,12,2,0,-90600,0,1,0,0,3,3,3,63580,0,6,4,2
537,0,8,2,0,-56200,0,3,1,4,18,3,1,61400,0,7,7,2
538,1,0,2,47600,0,1,0,1,2,5,1,3,4700,1,9,8,2
539,0,9,2,45400,-39400,2,1,2,1,19,1,2,74140,0,5,3,2
540,0,7,2,27700,-72400,2,1,0,3,0,1,2,83160,0,2,1,2
541,0,4,2,51400,-6300,1,0,3,4,22,1,2,10790,0,5,3,2
542,0,9,2,0,0,0,2,0,4,21,3,3,48070,0,3,9,2
543,0,10,2,49300,0,0,2,1,0,4,3,0,51030,0,1,0,2
544,1,9,2,0,0,2,1,1,1,10,1,1,43280,1,4,4,0
545,0,11,2,65700,0,2,1,0,1,5,1,3,76400,0,2,1,1
546,1,9,2,48100,0,2,3,2,0,13,1,2,75460,0,5,3,2
547,1,1,2,0,0,0,3,0,3,18,3,1,69000,1,6,5,2
548,1,12,2,0,0,3,0,1,4,6,1,2,8640,0,4,3,1
549,1,1,2,30000,-53000,0,2,1,0,0,3,1,67210,0,2,1,2
550,1,13,2,52300,-55600,0,3,2,0,5,3,3,42500,0,4,2,2
551,1,1,2,0,-34600,2,2,1,1,8,1,1,86400,0,7,5,2
552,1,5,0,0,-32900,3,0,1,4,5,1,2,4620,1,7,6,0
553,0,12,2,0,0,1,0,3,4,9,1,2,6930,0,7,7,2
554,0,11,2,0,0,0,3,1,3,10,3,2,41700,0,4,3,2
555,1,13,2,0,0,2,2,0,3,16,1,1,77330,1,7,6,2
556,1,7,2,0,0,3,0,3,4,8,1,3,4950,0,3,2,2
557,1,2,2,0,-36500,3,0,1,4,5,1,2,5160,0,2,9,0
558,0,3,2,0,-19500,0,3,2,1,11,3,1,24570,1,3,3,2
559,0,2,2,46500,0,0,2,1,0,15,3,0,53680,0,4,2,2
560,1,4,2,22700,0,0,3,2,4,23,3,1,42900,0,6,4,2
561,1,10,0,38600,-42800,2,1,1,1,23,1,0,84100,1,5,4,1
562,0,0,2,0,-55800,2,1,2,1,23,1,3,61560,0,2,0,2
563,0,7,2,0,-31700,2,2,1,4,10,1,0,44240,0,4,4,2
564,0,10,2,58100,-49000,0,2,1,0,12,4,3,57700,0,3,2,2
565,0,3,2,68400,-66800,2,3,1,3,4,1,2,108030,0,6,6,2
566,0,3,2,0,-65700,2,2,1,1,16,1,0,54300,0,2,1,2
567,1,2,2,34700,-81000,0,1,0,0,18,3,2,32280,1,7,6,2
568,1,6,2,0,-53800,0,2,2,3,15,3,1,84600,0,5,4,0
569,1,2,2,0,-49900,2,1,2,3,8,1,3,69700,0,3,2,1
570,1,9,2,0,0,0,2,2,0,4,3,1,36400,0,3,2,0
571,0,0,2,0,-54900,0,3,1,4,20,3,2,37520,0,4,3,2
572,0,7,2,69500,-47700,0,3,0,0,1,3,3,79090,0,3,1,2
573,1,4,2,48000,-79600,2,2,0,3,19,1,2,67770,1,7,7,2
574,1,12,0,0,0,2,3,2,3,11,1,0,47400,1,3,1,0
575,1,7,2,50000,-56900,2,1,2,3,13,1,2,71100,0,4,2,2
576,1,7,2,51100,-75100,2,1,1,4,2,1,2,69400,0,6,4,0
577,1,13,2,71400,0,0,2,0,3,9,3,1,55000,1,4,3,0
578,1,6,2,50400,0,0,2,2,4,15,2,3,51090,0,7,7,1
579,1,6,2,0,0,2,3,0,1,23,1,3,64200,1,3,9,2
580,1,11,2,0,-40200,2,1,2,3,16,1,0,67320,0,5,4,2
581,1,10,2,37700,0,0,3,0,3,21,4,0,76120,0,3,1,2
582,0,4,2,0,-38500,0,1,1,0,21,2,1,85020,0,2,1,2
583,1,10,2,0,-57000,0,2,1,1,3,3,1,68090,0,5,3,2
584,0,8,2,0,0,1,0,3,4,4,1,2,6030,0,2,9,0
585,1,6,2,0,-55800,3,0,1,2,17,1,3,5100,0,3,2,2
586,1,11,2,40100,0,3,0,3,4,7,1,3,4590,0,2,1,0
587,0,3,2,51700,0,0,1,0,3,14,2,2,72400,1,8,8,1
588,1,7,2,0,0,2,1,0,1,13,1,3,70900,0,9,8,1
589,0,8,2,0,0,0,3,2,3,23,2,3,65100,0,1,9,2
590,0,5,0,0,0,0,3,2,0,23,3,1,64260,0,4,2,2
591,0,1,2,0,0,2,2,0,0,16,1,1,79970,1,5,0,2
592,0,6,2,36600,0,2,2,2,4,17,1,0,56610,0,5,4,2
593,0,2,2,58600,0,2,3,0,1,9,1,1,84590,1,2,2,2
594,1,11,2,0,-43800,0,3,0,1,13,3,1,66780,0,4,2,0
595,1,4,2,0,-28800,2,2,0,4,13,1,2,58500,0,4,9,0
596,0,9,2,45500,-62500,1,0,3,4,3,1,0,5000,0,5,4,2
597,0,8,0,0,0,1,0,3,4,3,1,1,5000,1,2,0,1
598,0,11,2,71300,-70300,0,1,0,0,16,3,3,54450,0,5,4,2
599,0,5,2,0,0,0,1,0,4,12,3,3,61920,0,4,3,2
600,1,3,1,0,-61400,2,3,1,0,4,1,2,43700,1,2,9,2
601,1,6,2,0,-26400,2,1,1,3,3,1,0,64080,0,3,9,1
602,1,11,0,59300,-31400,2,2,2,3,0,1,1,55000,1,3,0,2
603,0,0,2,46000,0,3,0,3,4,19,1,3,4400,0,2,9,2
604,1,1,2,0,0,0,3,1,4,15,2,1,71640,0,2,9,2
605,1,6,2,0,0,2,2,1,3,6,1,0,61740,0,5,3,2
606,0,8,2,0,-66200,2,3,2,0,3,1,3,57500,0,2,1,0
607,0,3,2,0,-63900,1,0,1,4,17,1,0,8700,0,4,3,2
608,0,0,2,0,0,0,1,2,4,4,4,1,77100,0,6,4,0
609,1,8,2,0,0,2,1,1,4,14,1,0,59400,0,8,8,2
610,1,6,2,0,0,0,2,1,1,3,3,0,54890,0,6,5,1
611,1,3,2,55600,-59700,0,1,1,3,4,3,1,74030,0,2,1,2
612,0,0,0,0,0,2,2,2,3,13,1,2,61490,0,5,9,2
613,1,5,2,57900,-90100,0,1,1,4,23,3,2,79560,0,2,9,2
614,1,11,2,0,-65200,1,0,1,4,3,1,1,4900,0,3,1,2
615,1,12,2,45600,-61400,0,3,2,3,0,3,0,77770,0,3,2,1
616,0,13,2,75800,0,0,3,0,1,14,2,2,74700,1,5,4,1
617,1,12,2,66300,0,0,1,1,4,14,2,2,40600,0,2,1,2
618,1,4,2,0,-32600,2,2,2,0,22,1,0,45270,0,2,9,1
619,0,6,2,0,0,0,1,1,0,17,3,3,47080,0,4,3,1
620,0,6,0,0,0,2,3,1,4,14,1,0,40700,1,8,7,2
621,0,13,2,0,0,2,3,1,4,2,1,1,34650,0,2,9,2
622,1,10,2,0,0,1,0,3,4,4,1,0,3200,0,2,0,2
623,1,6,2,0,-74200,2,2,0,1,2,1,1,78980,1,5,3,2
624,1,11,2,58200,0,1,0,1,2,10,1,0,6160,0,3,1,2
625,0,6,2,43600,-67800,2,1,0,0,11,1,1,85250,0,8,7,0
626,1,11,2,0,0,0,3,0,1,1,4,2,72840,0,6,5,1
627,1,3,2,43700,0,1,0,3,4,20,1,2,6050,0,4,3,2
628,0,10,2,44200,-37000,2,1,0,1,10,1,3,87890,1,4,3,1
629,0,2,0,0,-56400,0,3,2,3,20,2,2,60500,1,6,5,2
630,0,6,2,0,0,0,1,1,1,10,3,1,88220,0,3,1,2
631,0,9,2,0,-48400,0,2,2,3,2,2,2,53680,0,4,1,2
632,1,13,2,0,-54600,2,1,1,1,19,1,2,53800,0,5,4,2
633,0,2,2,0,-48500,2,2,0,4,10,1,2,54360,1,2,1,2
634,0,5,2,0,0,2,3,0,4,14,1,3,54340,0,3,2,2
635,0,2,0,0,-42900,1,0,3,2,5,1,2,2860,1,3,1,0
636,1,2,2,0,0,3,0,1,4,8,1,1,5490,0,2,1,0
637,1,2,2,0,0,3,0,3,4,4,1,2,7370,0,5,4,2
638,0,8,0,0,0,0,3,0,0,4,3,0,50800,1,3,0,2
639,1,0,2,45300,0,0,3,1,1,20,2,1,41520,0,6,4,2
640,0,1,2,53800,-78300,2,3,2,4,18,1,3,89650,0,4,2,2
641,0,7,2,44400,-71500,0,2,2,4,0,3,3,39690,0,7,6,2
642,0,3,2,79900,0,2,2,0,0,1,1,0,62260,0,3,1,2
643,0,9,2,20200,0,2,3,0,4,17,1,1,51920,1,4,2,0
644,1,1,2,0,-74400,2,1,1,3,23,1,2,53460,0,4,4,2
645,0,0,2,0,-71200,0,2,2,1,4,3,1,57100,0,5,3,2
646,1,3,2,50700,-57600,0,1,2,0,0,3,3,77440,0,4,2,0
647,1,2,2,0,0,2,3,1,0,11,1,2,68300,0,4,3,2
648,1,7,2,57800,-53700,1,0,3,2,4,1,2,5060,0,3,1,2
649,1,12,0,50800,-66200,0,3,2,0,0,3,2,59400,1,3,0,1
650,0,13,1,0,-28300,0,3,0,0,2,3,2,69930,1,3,1,2
651,0,5,2,0,-74800,0,1,1,4,11,3,1,77700,0,2,1,0
652,1,9,2,58500,-44000,0,1,0,3,23,3,1,68750,1,7,6,1
653,0,0,2,0,0,0,3,1,4,17,3,3,91080,0,2,1,2
654,0,2,2,0,-54700,2,3,1,3,22,1,3,48360,0,0,0,2
655,1,5,2,0,-55100,2,3,0,3,18,1,1,95000,0,3,2,0
656,1,6,2,82100,0,3,0,3,4,8,1,3,3900,0,3,1,2
657,1,13,1,0,-33300,0,1,1,3,15,3,3,59400,1,4,4,2
658,0,6,2,42900,-61500,2,2,1,1,20,1,0,60210,0,5,5,1
659,1,11,2,52600,-30400,2,1,1,0,4,1,3,43600,0,3,1,1
660,1,0,2,42700,-64900,0,1,2,4,10,3,0,62800,0,8,7,2
661,1,4,2,0,0,2,3,0,0,10,1,3,59500,0,6,5,0
662,0,1,2,42200,-33800,0,1,2,4,22,3,0,53460,0,4,3,2
663,0,0,2,41300,-42000,0,3,2,0,15,3,1,41690,0,3,2,2
664,0,9,2,0,-51000,2,3,1,0,13,1,1,63100,0,6,5,2
665,1,8,0,73500,-43300,2,1,2,0,23,1,1,62880,1,8,7,2
666,0,11,2,0,-38700,0,3,0,1,18,3,2,75400,1,7,5,1
667,1,6,2,0,-49300,2,2,2,0,7,1,1,46200,0,4,3,0
668,1,6,2,0,-39800,2,2,0,0,21,1,2,58500,0,6,4,2
669,1,13,2,0,0,0,2,0,3,15,3,3,66240,0,8,7,2
670,0,2,2,0,0,0,2,2,0,17,3,3,65440,0,4,3,2
671,1,11,2,37800,0,2,1,1,1,2,1,3,64200,0,5,3,0
672,0,7,2,0,0,0,2,1,0,1,3,0,32320,0,1,9,1
673,0,4,2,0,-18600,2,2,0,4,3,1,1,33480,0,2,9,0
674,1,0,2,40900,0,3,0,3,2,0,1,1,4320,0,4,0,0
675,1,12,2,0,-77800,3,0,3,4,4,1,2,4200,0,2,0,2
676,1,0,2,0,-45700,0,1,1,0,11,3,0,57970,0,2,0,2
677,1,7,2,55400,-40400,1,0,3,2,4,1,2,4320,0,3,1,2
678,0,6,2,44500,-61400,0,1,1,1,11,3,2,69300,0,5,4,1
679,0,4,2,57500,-93600,0,3,1,4,4,3,2,32480,0,2,1,2
680,1,6,2,0,-64500,2,1,2,4,20,1,2,60480,0,4,3,2
681,1,1,2,0,0,1,0,3,4,22,1,0,2640,0,4,0,1
682,1,7,2,0,-66500,1,0,3,4,4,1,3,6050,0,2,9,2
683,1,5,0,0,-44800,0,2,2,0,21,4,0,42700,1,5,3,0
684,1,9,2,63900,-53300,2,1,0,0,20,1,3,40260,1,6,5,0
685,1,8,2,26700,-47200,2,2,0,1,7,1,0,50000,0,6,5,2
686,0,12,2,0,0,1,0,3,2,4,1,1,3840,0,3,2,2
687,1,13,2,52500,-51300,0,2,1,4,17,3,2,95900,0,5,2,2
688,1,3,2,0,-61400,0,3,1,0,20,3,3,56160,0,6,4,2
689,1,1,2,50700,-36300,2,3,0,4,10,1,3,63030,0,5,0,2
690,0,5,2,42200,-48000,2,1,1,4,8,1,2,63470,0,5,4,0
691,0,12,2,0,-53100,2,1,0,4,6,1,2,44440,1,4,2,2
692,1,9,2,48500,-67400,1,0,1,4,4,1,1,6600,0,3,1,0
693,1,6,2,14100,-44500,0,3,1,0,17,3,0,77200,0,4,1,2
694,0,10,2,0,0,0,2,2,3,15,3,0,57000,0,2,9,1
695,0,4,2,46700,-72500,3,0,3,4,9,1,1,2700,0,5,4,2
696,1,13,2,32800,-50600,2,2,2,4,17,1,1,47300,0,4,2,0
697,0,12,2,0,-35900,2,2,0,3,13,1,3,55110,0,4,1,2
698,0,7,2,44500,-55900,3,0,3,4,5,1,0,4320,0,3,2,2
699,0,13,2,39300,-60300,0,1,2,4,23,3,2,68760,1,4,2,2
700,0,12,2,0,0,0,1,0,3,1,2,1,74400,1,3,9,2
701,0,3,2,45700,0,0,2,0,1,17,4,1,35300,1,3,2,1
702,1,12,2,0,-49400,1,0,1,2,3,1,3,2640,0,8,6,2
703,1,11,1,62200,0,0,2,2,0,17,3,1,60190,1,5,4,1
704,0,6,2,0,-42600,0,2,0,1,23,3,3,41580,1,4,2,2
705,0,12,1,54700,-47900,2,3,1,0,13,1,0,58500,1,5,4,2
706,0,5,2,0,0,2,2,1,1,17,1,3,79320,0,5,4,2
707,0,4,0,0,0,2,2,1,0,2,1,2,82610,1,3,2,1
708,0,8,2,43700,-66300,0,2,2,0,23,3,3,78600,1,5,0,1
709,1,5,0,0,-70400,2,1,1,0,17,1,2,51390,1,6,4,2
710,1,7,2,0,0,2,3,0,0,3,1,0,70200,1,5,3,0
711,1,10,2,0,-51100,1,0,1,2,16,1,1,4900,0,2,9,0
712,0,10,0,82600,-49500,0,3,0,3,13,3,3,66480,1,9,8,2
713,1,13,2,57500,0,2,2,0,1,8,1,1,50380,1,1,9,2
714,0,5,2,0,-59500,2,1,0,1,23,1,2,64350,0,9,8,2
715,1,9,2,47500,-58700,0,2,0,0,15,3,3,55400,1,2,9,2
716,1,9,2,0,0,2,1,2,3,3,1,2,49900,0,2,9,2
717,1,8,2,78000,0,0,3,1,0,4,3,3,74880,0,2,0,2
718,0,3,2,0,0,2,1,1,3,8,1,0,105820,0,5,4,0
719,1,9,2,0,-36000,3,0,3,4,21,1,0,7150,0,5,3,1
720,1,2,2,66100,-31400,2,1,2,0,23,1,0,55800,0,8,7,2
721,1,11,2,0,-41200,1,0,3,2,8,1,3,5830,0,3,1,1
722,0,5,2,0,-46400,2,3,0,0,21,1,1,85900,1,5,4,2
723,1,9,2,72100,0,1,0,1,4,5,1,3,7110,0,2,1,1
724,1,9,2,48200,0,0,3,2,1,12,3,0,36960,0,5,4,2
725,0,12,2,0,0,0,2,1,4,7,3,0,64400,0,4,2,1
726,1,0,2,49000,0,1,0,1,2,0,1,3,1920,0,5,4,2
727,1,4,2,0,0,2,2,0,4,14,1,1,86130,1,1,0,2
728,0,10,1,0,0,2,3,0,1,13,1,3,82170,1,3,1,1
729,0,4,2,17300,-60400,2,1,0,1,1,1,0,50300,1,5,3,2
730,0,9,2,28600,0,2,3,0,4,23,1,0,44200,0,3,1,2
731,0,13,2,51300,0,2,3,0,0,1,1,2,66660,0,5,3,2
732,0,9,2,10000,0,2,1,2,0,9,1,3,78320,0,2,9,0
733,0,2,2,0,-60000,2,2,2,1,3,1,1,105040,0,3,1,1
734,1,0,2,0,0,2,3,1,1,0,1,1,50700,0,5,3,2
735,0,3,2,51500,0,0,1,2,1,13,3,1,51210,0,5,4,2
736,1,7,2,0,0,0,2,2,1,18,3,1,51840,0,6,5,0
737,0,3,2,61600,0,0,1,2,0,17,3,3,52800,0,3,2,2
738,0,9,2,0,-51400,2,1,1,1,11,1,0,55200,0,5,3,2
739,1,11,2,55300,-37900,3,0,1,2,0,1,3,9100,0,3,2,2
740,0,2,2,0,-61000,0,2,1,3,14,3,3,67600,0,7,6,1
741,1,0,2,67300,0,2,2,1,3,4,1,2,40800,0,3,9,2
742,1,6,2,79600,0,0,3,0,3,2,3,1,84500,1,6,6,0
743,1,3,2,0,-43600,0,1,0,3,9,3,2,71610,1,4,2,2
744,1,11,2,0,0,0,2,0,3,21,4,2,60600,1,7,6,0
745,1,3,2,0,-44400,0,2,0,1,0,3,3,81240,1,5,4,2
746,0,1,2,38200,0,0,3,2,1,17,3,3,29300,0,4,4,2
747,0,11,2,0,0,0,3,2,1,21,3,1,76450,0,3,0,0
748,0,6,1,49900,-62700,0,3,0,1,20,3,3,49400,0,5,5,2
749,0,12,2,0,-45100,2,3,2,0,5,1,1,90530,0,4,3,2
750,0,8,2,39900,-44000,3,0,1,4,7,1,1,8030,0,3,9,2
751,0,5,2,34200,-32300,2,3,1,1,6,1,0,63900,0,4,2,2
752,1,6,2,57100,0,0,2,1,1,2,4,2,38640,0,7,7,1
753,1,11,2,0,-40000,0,2,2,3,19,3,1,41490,0,8,7,2
754,0,10,2,68500,-42100,0,3,1,1,21,3,0,79090,0,3,9,2
755,1,6,1,0,0,0,3,0,4,3,3,0,87900,0,3,1,2
756,1,9,2,58900,-29100,2,2,2,0,22,1,3,53400,0,3,9,0
757,1,6,2,51000,0,2,2,2,1,22,1,3,52030,0,4,2,2
758,1,9,2,67600,-65300,2,1,1,0,16,1,2,82060,0,8,7,2
759,0,10,2,83600,0,2,1,1,0,0,1,3,48360,0,3,2,1
760,0,1,2,72600,0,0,3,1,3,1,3,1,52290,0,3,9,2
761,1,10,2,51500,-52100,0,2,0,4,19,3,3,68200,1,8,7,1
762,1,2,2,0,0,0,2,0,3,0,3,1,60750,1,5,4,0
763,0,0,2,21100,-60800,0,1,0,1,2,3,2,65560,1,2,9,4
764,0,5,2,21200,0,0,2,1,4,5,3,3,70290,0,6,6,0
765,0,0,2,46300,0,2,2,2,0,6,1,0,45000,0,4,2,2
766,0,9,2,0,-47100,0,2,2,1,21,3,1,61800,0,4,3,2
767,0,13,2,52900,0,0,1,0,0,11,3,0,64570,0,6,4,2
768,0,0,2,49900,-62100,2,2,1,3,3,1,0,70500,0,9,7,2
769,1,1,2,70600,-48500,0,3,2,4,4,3,1,57900,0,4,2,1
770,0,9,2,0,-52600,0,1,1,1,2,3,0,57860,0,6,4,2
771,1,13,2,67800,0,2,3,1,1,22,1,1,37800,0,4,3,2
772,0,12,2,38700,-33100,2,1,2,0,8,1,3,63300,0,4,3,2
773,0,4,2,0,0,0,2,2,0,14,3,1,44200,0,3,2,2
774,1,6,2,67200,-59400,0,3,1,4,14,4,0,31680,0,2,9,2
775,0,12,2,49100,-45100,1,0,3,4,5,1,2,100,0,3,9,2
776,0,10,2,53000,0,2,1,1,1,18,1,1,56340,0,9,8,2
777,0,11,2,0,0,0,2,2,4,20,3,0,69740,0,4,3,2
778,1,8,2,60200,0,0,1,2,4,0,3,2,60480,0,4,2,2
779,0,12,2,0,-15700,0,2,1,4,1,3,1,80880,0,9,7,2
780,0,5,2,42800,-68200,2,1,2,1,10,1,2,49390,0,9,8,0
781,0,1,2,62400,-52300,2,1,1,0,12,1,3,69360,0,2,9,2
782,0,12,2,67100,0,3,0,1,2,6,1,1,3740,0,5,3,0
783,1,7,2,0,-48700,1,0,3,2,1,1,1,5060,0,3,1,2
784,0,6,0,59900,-34800,0,1,2,4,21,3,0,35860,1,6,5,2
785,1,6,1,46100,-46900,0,1,0,0,3,3,1,50050,1,4,4,2
786,1,8,2,50400,-61500,0,2,1,1,14,4,0,59070,0,2,9,2
787,1,0,2,0,-31700,0,1,1,1,19,3,2,28440,0,2,1,2
788,0,12,2,57100,0,2,1,0,1,7,1,1,45540,1,3,1,2
789,0,11,2,0,-57600,2,2,1,1,0,1,0,38700,0,3,2,2
790,1,12,2,83900,-52100,1,0,3,2,6,1,1,5830,0,4,3,2
791,0,9,1,0,0,2,2,2,3,0,1,2,57240,1,3,9,0
792,1,1,2,0,-36800,0,2,2,4,9,3,3,46200,0,4,2,2
793,0,4,2,29300,0,2,3,2,0,23,1,1,57700,0,3,1,2
794,1,13,2,46300,-41700,0,1,1,1,13,3,0,56160,0,6,5,0
795,1,0,2,0,-59500,0,3,2,1,0,3,3,44400,0,6,4,0
796,1,6,2,49500,-81100,2,2,0,0,7,1,3,92730,1,8,7,0
797,0,2,2,37900,0,2,3,1,1,23,1,1,30700,0,3,1,1
798,0,1,2,46800,0,2,3,0,1,7,1,0,56600,0,1,0,0
799,0,1,2,0,-27700,1,0,3,2,20,1,1,3960,0,1,0,0
800,1,13,2,48900,0,2,2,1,4,22,1,3,34800,0,2,9,2
801,0,1,2,43200,0,0,2,1,3,10,3,0,79500,0,4,1,2
802,0,9,2,0,0,2,1,2,4,10,1,2,56000,0,3,2,1
803,0,6,0,64800,-44200,2,2,1,0,17,1,0,73260,1,2,1,2
804,1,2,2,35000,0,1,0,3,2,3,1,3,4950,0,6,4,2
805,1,6,2,32500,0,2,2,1,0,10,1,1,48000,0,5,4,1
806,1,9,2,0,0,2,3,0,1,1,1,1,52200,0,4,0,2
807,0,10,2,80900,-111100,0,2,1,0,1,3,3,73800,0,4,2,2
808,0,10,2,0,-69600,2,3,2,1,7,1,2,78200,0,3,1,0
809,1,7,2,0,0,2,2,0,0,19,1,3,55200,1,3,1,2
810,0,5,2,0,-58300,0,3,2,3,3,3,2,57060,0,5,4,0
811,0,10,2,0,-34700,3,0,1,2,3,1,3,4680,0,2,1,2
812,0,13,1,0,-63700,2,1,1,0,23,1,0,53100,1,8,7,2
813,0,9,2,26900,-55300,3,0,1,2,7,1,2,3520,0,6,4,2
814,0,12,2,63100,-54100,0,1,2,0,0,3,1,72900,0,1,9,2
815,0,2,2,0,0,2,2,2,4,10,1,1,70700,0,4,3,2
816,0,0,2,100500,0,0,3,1,3,4,4,0,60170,0,2,1,2
817,1,3,2,69500,-40700,2,2,0,3,16,1,1,74800,1,5,3,2
818,1,9,2,25800,0,3,0,3,4,3,1,0,4100,0,5,4,1
819,1,9,2,0,0,2,3,1,3,5,1,3,61490,0,6,6,2
820,1,7,2,0,0,3,0,3,2,14,1,0,7200,0,2,9,0
821,0,6,2,59500,0,0,3,1,1,7,3,0,45100,0,3,2,2
822,1,2,2,36800,0,2,1,1,4,16,1,3,66660,0,7,6,2
823,0,9,2,0,-64500,2,1,0,4,6,1,2,76400,1,5,2,2
824,0,2,2,0,0,2,2,2,0,10,1,1,58300,0,4,2,0
825,0,13,2,34900,0,2,1,2,4,19,1,1,57310,0,6,4,2
826,0,8,2,0,0,2,1,1,1,10,1,1,53100,0,3,2,2
827,0,8,2,0,0,0,3,2,0,6,3,1,74700,0,1,9,0
828,0,9,2,0,0,0,2,0,1,12,3,2,60500,0,2,1,2
829,1,10,0,0,-72100,0,3,2,3,10,3,3,84920,1,2,9,2
830,0,0,2,55100,0,2,3,2,4,0,1,0,61050,0,4,1,2
831,1,3,2,49700,0,0,2,0,4,12,3,0,69080,1,2,9,1
832,0,9,2,52200,-44500,3,0,1,2,10,1,3,4560,0,6,4,2
833,0,6,2,0,0,0,2,2,4,3,4,1,67800,0,2,1,0
834,1,7,2,43100,-31900,3,0,1,4,21,1,1,5600,0,3,1,2
835,1,7,2,0,-53200,3,0,1,2,6,1,2,9000,0,7,6,2
836,0,13,2,52100,0,2,2,2,4,0,1,1,85320,0,5,4,1
837,0,6,2,51700,-33300,3,0,3,2,6,1,3,5940,1,1,0,2
838,0,1,2,0,0,0,3,0,1,20,3,1,51370,1,3,2,2
839,1,10,2,0,-48800,2,2,0,4,4,1,2,51600,0,5,3,2
840,0,4,2,45800,0,1,0,3,2,9,1,3,5400,0,5,4,1
841,1,2,2,0,0,0,2,1,1,20,3,0,48870,0,4,3,0
842,0,12,2,0,0,3,0,1,4,7,1,1,5590,0,5,4,2
843,1,10,2,0,-71400,0,1,0,3,18,3,2,54960,1,6,4,2
844,0,9,2,59600,0,0,3,1,4,0,3,3,39800,0,6,4,2
845,0,1,0,0,0,0,3,0,0,11,3,1,56160,1,4,1,2
846,1,8,2,63100,-79400,2,3,2,1,13,1,3,52700,0,5,4,2
847,0,11,2,0,0,0,3,1,1,19,3,3,68580,0,5,4,2
848,1,2,2,0,-54400,2,3,0,0,23,1,2,90860,1,8,7,2
849,1,8,2,0,0,1,0,3,4,23,1,3,5700,0,7,6,2
850,1,9,2,0,-75000,0,3,2,4,19,3,0,94930,0,1,0,0
851,1,4,2,75800,0,2,3,0,0,19,1,2,46800,1,5,4,2
852,0,3,2,66900,-51800,0,3,2,1,17,3,3,56320,0,6,5,2
853,1,5,0,0,-41400,2,1,1,1,18,1,3,83490,0,6,4,0
854,0,6,2,0,-63500,0,3,2,4,17,3,2,57900,0,4,0,2
855,1,1,2,0,0,0,2,2,1,11,3,3,49410,0,4,2,2
856,1,12,2,54400,0,0,3,1,1,22,3,1,66200,0,5,4,2
857,1,8,2,35000,0,2,1,1,1,7,1,1,64080,0,6,4,2
858,0,12,2,0,0,0,3,1,3,17,3,3,42500,0,5,3,1
859,1,3,2,0,-40800,0,3,2,3,16,3,3,48950,0,2,1,2
860,0,0,2,0,-45300,0,2,1,3,13,3,2,58850,0,5,3,2
861,0,7,2,73200,0,0,3,1,3,17,3,2,82400,0,4,3,0
862,0,7,2,0,-48800,2,2,1,0,3,1,0,54240,0,5,4,0
863,0,1,2,52700,0,0,1,1,3,15,3,2,74200,0,2,9,2
864,0,8,2,21500,0,2,1,2,1,16,1,1,47430,0,7,6,2
865,0,8,2,61100,-64500,2,2,0,1,18,1,3,68200,1,5,3,0
866,0,1,2,0,0,2,1,1,1,18,1,0,63900,0,3,2,2
867,0,10,2,60300,-58900,0,2,2,0,22,2,3,59300,0,4,3,2
868,0,8,0,0,-61600,0,1,1,3,15,3,2,66900,1,5,3,2
869,1,4,2,0,-51000,0,2,0,4,16,3,3,40810,1,2,9,1
870,0,3,2,54500,-72100,2,1,2,1,18,1,0,75400,0,5,4,1
871,0,9,2,70900,-61100,1,0,1,2,8,1,0,4200,0,3,1,2
872,0,6,0,38500,0,0,3,0,0,23,3,0,52650,1,5,4,2
873,0,1,2,0,-46000,2,2,0,0,18,1,2,42240,0,6,5,2
874,0,11,2,35200,0,2,3,1,3,10,1,0,59490,0,4,3,2
875,1,12,2,0,0,2,3,0,0,12,1,2,44200,1,4,2,2
876,0,10,2,0,-49300,3,0,3,4,5,1,2,7700,0,4,3,0
877,1,8,2,46300,0,0,1,2,3,21,3,3,61440,0,8,7,2
878,0,5,2,73700,0,0,2,0,1,17,3,3,54400,1,4,1,0
879,1,8,2,0,0,2,1,2,3,4,1,1,58560,0,6,5,2
880,1,8,2,0,0,2,1,0,1,11,1,1,67300,1,3,1,2
881,1,4,2,66200,-49700,2,2,0,1,18,1,3,36740,1,7,6,2
882,0,6,2,0,0,2,2,2,4,12,1,0,85690,0,2,0,2
883,0,3,2,0,0,0,3,0,0,18,3,3,34160,1,3,1,2
884,1,13,2,0,-72000,2,1,1,1,16,1,2,61320,0,6,4,2
885,1,7,2,59800,0,0,2,2,4,19,3,0,79680,0,5,4,2
886,0,2,2,78800,0,2,1,2,1,13,1,0,61740,0,2,1,0
887,1,1,2,24000,-50500,1,0,1,2,4,1,0,6400,0,7,7,2
888,0,7,0,35900,0,2,2,0,1,8,1,2,60600,0,7,6,2
889,0,2,2,0,0,0,3,0,0,19,3,0,56320,0,4,2,2
890,0,8,2,0,0,2,3,2,0,18,1,0,52250,0,3,1,2
891,0,3,2,0,-44800,0,2,2,3,9,2,3,53900,0,8,8,2
892,1,0,2,40000,-43400,3,0,3,2,6,1,1,2640,0,3,3,2
893,1,13,2,0,0,3,0,1,2,8,1,0,8970,0,3,0,2
894,1,8,2,0,0,1,0,1,2,6,1,3,6000,0,3,0,2
895,1,1,2,26500,0,0,1,0,1,23,3,3,55200,1,4,2,2
896,1,3,2,0,0,1,0,3,2,13,1,3,7260,0,5,3,0
897,0,3,2,0,0,0,1,1,4,3,3,0,64680,0,4,2,2
898,0,11,2,53200,0,2,2,0,4,23,1,1,59200,0,5,3,1
899,0,2,2,73700,0,3,0,1,2,8,1,3,4700,0,3,1,2
900,1,11,2,61200,0,2,3,2,3,23,1,3,69400,0,3,0,2
901,0,3,2,0,0,2,3,2,4,23,1,0,40500,0,1,0,1
902,1,5,2,56800,-51800,0,3,1,1,9,3,1,60000,0,2,9,2
903,1,1,2,66400,-63700,2,3,1,3,22,1,3,67320,0,2,1,2
904,0,12,2,56700,-49300,0,3,2,3,22,3,1,75690,0,2,9,0
905,1,0,2,51300,0,0,3,0,1,15,3,2,64300,1,3,1,2
906,1,8,2,0,-20900,0,2,0,4,16,3,0,64400,0,5,3,0
907,0,8,2,42900,-39100,0,1,1,1,17,3,2,97080,0,7,7,1
908,1,8,2,52600,0,3,0,1,4,3,1,0,5500,0,5,4,2
909,0,13,2,65100,-50300,0,2,2,3,10,3,2,30700,0,4,2,2
910,0,11,2,46100,0,2,3,1,4,9,1,2,33480,0,6,4,2
911,1,3,2,0,-30900,0,1,2,4,13,2,1,65430,0,2,9,2
912,1,3,2,44900,-52500,0,2,0,4,15,3,1,42680,1,4,2,2
913,1,2,2,30100,0,2,3,1,1,23,1,1,87780,0,5,4,2
914,0,13,1,0,-67000,0,1,0,1,2,4,2,72800,0,4,1,1
915,0,11,0,0,0,2,2,0,1,14,1,0,71190,1,4,3,1
916,1,0,2,70300,-70900,3,0,3,2,7,1,1,3600,0,4,2,1
917,1,12,0,65400,0,2,3,0,3,23,1,3,62640,0,5,3,2
918,1,9,2,0,0,0,1,1,0,7,3,1,69630,0,4,2,2
919,1,10,0,0,-68800,0,2,1,4,8,3,0,76010,1,3,2,2
920,1,13,2,57700,-43500,2,2,2,3,17,1,0,44220,0,4,3,0
921,0,7,2,0,0,0,2,1,3,10,3,3,57200,0,4,2,2
922,1,8,2,0,0,3,0,1,4,9,1,3,3080,0,3,9,2
923,0,7,2,42100,0,2,2,2,3,2,1,0,75790,0,3,9,1
924,0,4,2,37100,-46500,0,2,1,0,18,3,1,32670,0,2,1,2
925,0,0,2,0,-65500,3,0,1,4,4,1,3,3870,0,6,4,2
926,0,13,2,0,0,2,1,2,1,12,1,3,91520,1,4,3,2
927,1,9,2,0,0,2,1,0,3,15,1,3,74690,1,3,2,2
928,1,8,2,0,-15900,3,0,3,4,9,1,3,4620,0,2,9,0
929,0,11,2,0,0,2,3,0,4,6,1,0,55000,1,3,1,2
930,0,0,2,11000,0,0,2,0,4,11,4,2,59400,1,6,5,0
931,0,11,2,16100,-61200,0,3,2,1,13,3,1,55260,0,3,1,2
932,1,2,2,33200,0,0,3,1,3,4,3,1,51400,0,5,3,1
933,0,6,2,0,-59800,0,3,1,0,20,3,3,48780,0,4,0,2
934,0,1,2,0,0,0,2,0,0,0,3,3,52380,0,3,1,2
935,0,8,1,53100,-43900,0,3,2,3,18,4,3,74360,1,3,2,2
936,1,10,2,44000,-20800,2,1,1,4,6,1,0,53400,0,4,3,0
937,0,10,2,31400,0,2,1,2,4,23,1,2,71800,0,8,8,0
938,0,9,2,51900,0,2,1,0,3,4,1,0,68240,1,3,1,2
939,0,7,2,61100,-30700,0,2,0,3,21,3,0,61050,1,5,4,2
940,0,2,2,45700,-41400,1,0,1,2,7,1,1,5590,0,6,5,2
941,0,6,2,47900,0,0,3,0,1,19,3,0,46860,0,6,4,1
942,0,7,2,52800,-54300,1,0,1,2,5,1,3,4290,0,3,1,2
943,0,1,2,69900,0,0,1,1,4,22,3,0,78500,0,8,7,2
944,1,9,2,12800,-49700,2,3,2,4,12,1,3,70830,0,5,4,1
945,1,5,2,0,-66100,0,1,2,4,19,3,2,68040,0,8,7,2
946,0,7,2,46800,-87300,2,3,0,1,10,1,0,63600,1,3,0,2
947,0,11,2,0,0,2,3,1,3,7,1,3,43560,0,9,8,2
948,1,11,2,42300,-45800,2,1,2,4,17,1,1,60840,0,3,1,2
949,0,12,2,0,-57700,0,3,2,4,0,3,3,68160,0,7,7,2
950,0,13,2,30800,-43700,1,0,1,2,9,1,0,5170,0,2,1,1
951,0,10,2,60100,0,2,3,2,0,21,1,3,57700,0,4,2,2
952,0,5,2,0,0,0,1,2,3,22,3,2,89520,0,6,4,2
953,1,10,2,42600,-44400,3,0,1,2,3,1,0,4620,0,5,3,0
954,0,2,2,0,-36600,2,2,1,0,16,1,3,45180,0,4,3,2
955,1,2,2,61900,-50000,2,3,2,3,14,1,0,45100,0,4,2,2
956,1,6,2,67800,-48600,0,3,2,4,21,3,3,83160,0,3,9,2
957,0,8,2,0,0,2,2,1,4,19,1,1,86130,0,5,3,2
958,1,8,2,35400,0,0,1,0,1,13,3,3,48000,0,1,0,2
959,0,10,2,0,-45300,3,0,1,4,21,1,0,3300,0,3,1,2
960,0,10,2,67800,0,0,2,1,0,11,3,2,57200,0,3,2,2
961,0,0,2,0,-48800,3,0,3,4,16,1,0,7590,0,3,1,2
962,0,13,2,30400,-89400,2,2,2,4,9,1,2,80080,0,4,1,2
963,0,10,2,0,-70100,3,0,1,4,8,1,0,4800,0,2,1,2
964,0,2,1,0,-36400,3,0,1,4,7,1,1,3900,1,4,2,2
965,1,5,2,64600,0,2,1,1,3,12,1,0,90400,0,2,9,2
966,0,11,2,0,0,0,2,1,3,21,3,0,62900,0,2,9,2
967,0,10,2,53800,0,2,2,0,4,4,1,2,54200,1,3,2,2
968,0,12,2,0,0,0,3,0,4,18,3,2,51800,0,6,6,2
969,1,0,2,69400,0,3,0,3,4,7,1,3,6600,0,7,6,1
970,1,12,2,58500,-77700,2,3,2,1,13,1,0,74140,0,3,3,1
971,0,8,2,53400,-35200,2,1,2,1,0,1,1,67800,0,1,9,0
972,1,7,2,25800,0,2,2,0,1,22,1,1,55400,1,5,3,2
973,1,12,2,0,-51500,2,2,0,0,15,1,3,49100,1,4,3,2
974,0,13,2,59400,-78600,0,3,0,4,3,3,1,98280,1,5,3,1
975,0,10,2,0,-70900,0,2,2,1,18,2,2,66550,0,4,3,0
976,0,2,2,38400,-5700,0,3,0,1,17,3,2,70400,0,3,1,2
977,1,0,2,0,-49600,0,3,0,0,18,3,1,53280,1,5,4,2
978,0,2,2,27600,0,2,1,2,3,11,1,3,84590,0,3,9,1
979,0,4,2,0,-55400,2,2,2,3,17,1,2,54560,0,4,3,2
980,1,5,2,39300,0,2,2,1,0,12,1,2,82170,0,4,3,2
981,1,5,2,0,-65800,0,1,2,4,15,3,2,61100,0,5,0,2
982,1,3,1,28900,0,0,1,1,4,0,3,3,51900,1,5,3,2
983,0,0,2,32500,-80800,1,0,3,4,9,1,1,3440,0,4,0,1
984,1,7,1,55700,-49900,2,3,2,0,1,1,1,51390,0,4,2,0
985,1,7,2,0,-21500,2,3,0,3,22,1,2,76900,0,3,0,0
986,1,5,2,0,-58400,2,2,1,3,11,1,3,77000,1,5,3,1
987,1,2,2,0,0,2,3,0,3,10,1,3,60320,1,4,3,2
988,0,1,2,0,0,2,2,1,1,5,1,1,60700,0,6,4,0
989,0,3,2,37500,-54000,0,2,2,4,3,3,2,53280,0,1,0,2
990,0,9,2,77500,-32800,2,2,1,1,18,1,2,34290,0,5,4,0
991,1,7,2,59400,-32200,2,2,2,3,21,1,1,46980,0,5,4,2
992,1,3,2,50300,0,0,1,0,1,6,3,2,36700,0,2,9,1
993,1,3,2,0,-32100,0,3,2,3,20,3,1,60200,0,2,1,2
994,1,11,2,0,-82100,1,0,1,2,6,1,2,6480,0,2,1,2
995,0,2,2,0,0,2,1,1,1,20,1,1,87200,0,4,0,2
996,0,9,2,70900,0,2,2,0,1,23,1,3,108480,0,5,4,2
997,0,1,2,35100,0,0,3,1,4,4,3,3,67500,0,3,1,2
998,1,5,2,0,0,2,2,0,3,2,1,1,46980,0,9,8,2
999,0,11,2,0,0,1,0,1,4,6,1,3,5060,0,8,8,1
